{
  "FNN (Keras)": {
    "accuracy": 0.9749388753056235,
    "precision": 0.9766871165644172,
    "recall": 0.9731051344743277,
    "f1": 0.9748928352725046,
    "roc_auc": 0.9971260932203896,
    "confusion_matrix": [
      [
        799,
        19
      ],
      [
        22,
        796
      ]
    ],
    "fpr": [
      0.0,
      0.0,
      0.0,
      0.0,
      0.0,
      0.0012224938875305623,
      0.0012224938875305623,
      0.0024449877750611247,
      0.0024449877750611247,
      0.003667481662591687,
      0.003667481662591687,
      0.004889975550122249,
      0.004889975550122249,
      0.006112469437652812,
      0.006112469437652812,
      0.007334963325183374,
      0.007334963325183374,
      0.008557457212713936,
      0.008557457212713936,
      0.009779951100244499,
      0.009779951100244499,
      0.011002444987775062,
      0.011002444987775062,
      0.013447432762836185,
      0.013447432762836185,
      0.014669926650366748,
      0.014669926650366748,
      0.01589242053789731,
      0.01589242053789731,
      0.017114914425427872,
      0.017114914425427872,
      0.02078239608801956,
      0.02078239608801956,
      0.022004889975550123,
      0.022004889975550123,
      0.023227383863080684,
      0.023227383863080684,
      0.02444987775061125,
      0.02444987775061125,
      0.02567237163814181,
      0.02567237163814181,
      0.028117359413202935,
      0.028117359413202935,
      0.03178484107579462,
      0.03178484107579462,
      0.03300733496332518,
      0.03300733496332518,
      0.035452322738386305,
      0.035452322738386305,
      0.037897310513447434,
      0.037897310513447434,
      0.040342298288508556,
      0.040342298288508556,
      0.05134474327628362,
      0.05134474327628362,
      0.05378973105134474,
      0.05378973105134474,
      0.0647921760391198,
      0.0647921760391198,
      0.06601466992665037,
      0.06601466992665037,
      0.06968215158924206,
      0.06968215158924206,
      0.07334963325183375,
      0.07334963325183375,
      0.07946210268948656,
      0.07946210268948656,
      0.2995110024449878,
      0.2995110024449878,
      1.0
    ],
    "tpr": [
      0.0,
      0.0012224938875305623,
      0.05745721271393643,
      0.05990220048899755,
      0.7946210268948656,
      0.7946210268948656,
      0.7958435207823961,
      0.7958435207823961,
      0.8141809290953546,
      0.8141809290953546,
      0.8679706601466992,
      0.8679706601466992,
      0.8936430317848411,
      0.8936430317848411,
      0.910757946210269,
      0.910757946210269,
      0.9193154034229829,
      0.9193154034229829,
      0.9229828850855746,
      0.9229828850855746,
      0.9327628361858191,
      0.9327628361858191,
      0.9376528117359413,
      0.9376528117359413,
      0.9547677261613692,
      0.9547677261613692,
      0.9559902200488998,
      0.9559902200488998,
      0.9572127139364304,
      0.9572127139364304,
      0.9596577017114915,
      0.9596577017114915,
      0.960880195599022,
      0.960880195599022,
      0.9657701711491442,
      0.9657701711491442,
      0.9743276283618582,
      0.9743276283618582,
      0.9755501222493888,
      0.9755501222493888,
      0.9767726161369193,
      0.9767726161369193,
      0.9779951100244498,
      0.9779951100244498,
      0.9792176039119804,
      0.9792176039119804,
      0.9828850855745721,
      0.9828850855745721,
      0.9841075794621027,
      0.9841075794621027,
      0.9865525672371638,
      0.9865525672371638,
      0.9877750611246944,
      0.9877750611246944,
      0.9902200488997555,
      0.9902200488997555,
      0.991442542787286,
      0.991442542787286,
      0.9926650366748166,
      0.9926650366748166,
      0.9938875305623472,
      0.9938875305623472,
      0.9963325183374083,
      0.9963325183374083,
      0.9975550122249389,
      0.9975550122249389,
      0.9987775061124694,
      0.9987775061124694,
      1.0,
      1.0
    ]
  },
  "LSTM": {
    "accuracy": 0.9657701711491442,
    "precision": 0.9657701711491442,
    "recall": 0.9657701711491442,
    "f1": 0.9657701711491442,
    "roc_auc": 0.9920089549918999,
    "confusion_matrix": [
      [
        790,
        28
      ],
      [
        28,
        790
      ]
    ],
    "fpr": [
      0.0,
      0.0,
      0.0,
      0.0,
      0.0,
      0.0,
      0.0,
      0.0012224938875305623,
      0.0012224938875305623,
      0.0024449877750611247,
      0.0024449877750611247,
      0.003667481662591687,
      0.003667481662591687,
      0.004889975550122249,
      0.004889975550122249,
      0.006112469437652812,
      0.006112469437652812,
      0.007334963325183374,
      0.007334963325183374,
      0.008557457212713936,
      0.008557457212713936,
      0.009779951100244499,
      0.009779951100244499,
      0.011002444987775062,
      0.011002444987775062,
      0.013447432762836185,
      0.013447432762836185,
      0.014669926650366748,
      0.014669926650366748,
      0.01589242053789731,
      0.01589242053789731,
      0.017114914425427872,
      0.017114914425427872,
      0.019559902200488997,
      0.019559902200488997,
      0.02078239608801956,
      0.02078239608801956,
      0.022004889975550123,
      0.022004889975550123,
      0.023227383863080684,
      0.023227383863080684,
      0.02567237163814181,
      0.02567237163814181,
      0.02689486552567237,
      0.02689486552567237,
      0.028117359413202935,
      0.028117359413202935,
      0.030562347188264057,
      0.030562347188264057,
      0.03300733496332518,
      0.03300733496332518,
      0.034229828850855744,
      0.034229828850855744,
      0.035452322738386305,
      0.035452322738386305,
      0.037897310513447434,
      0.037897310513447434,
      0.042787286063569685,
      0.042787286063569685,
      0.044009779951100246,
      0.044009779951100246,
      0.04523227383863081,
      0.04523227383863081,
      0.04767726161369193,
      0.04767726161369193,
      0.05867970660146699,
      0.05867970660146699,
      0.06356968215158924,
      0.06356968215158924,
      0.06723716381418093,
      0.06723716381418093,
      0.07090464547677261,
      0.07090464547677261,
      0.07701711491442542,
      0.07701711491442542,
      0.08312958435207823,
      0.08312958435207823,
      0.08924205378973105,
      0.08924205378973105,
      0.09535452322738386,
      0.09535452322738386,
      0.10880195599022005,
      0.10880195599022005,
      0.1332518337408313,
      0.1332518337408313,
      0.1552567237163814,
      0.1552567237163814,
      0.17359413202933985,
      0.17359413202933985,
      0.2200488997555012,
      0.2200488997555012,
      0.3484107579462103,
      0.3484107579462103,
      0.49511002444987773,
      0.49511002444987773,
      0.5819070904645477,
      0.5819070904645477,
      1.0
    ],