{
  "SVM": {
    "best_params": {
      "C": 1
    },
    "accuracy": 0.9798288508557457,
    "precision": 0.9804161566707467,
    "recall": 0.9792176039119804,
    "f1": 0.9798165137614679,
    "roc_auc": 0.996834667415905,
    "confusion_matrix": [
      [
        802,
        16
      ],
      [
        17,
        801
      ]
    ],
    "fpr": [
      0.0,
      0.0,
      0.0,
      0.0012224938875305623,
      0.0012224938875305623,
      0.0024449877750611247,
      0.0024449877750611247,
      0.003667481662591687,
      0.003667481662591687,
      0.004889975550122249,
      0.004889975550122249,
      0.006112469437652812,
      0.006112469437652812,
      0.007334963325183374,
      0.007334963325183374,
      0.008557457212713936,
      0.008557457212713936,
      0.009779951100244499,
      0.009779951100244499,
      0.011002444987775062,
      0.011002444987775062,
      0.012224938875305624,
      0.012224938875305624,
      0.013447432762836185,
      0.013447432762836185,
      0.014669926650366748,
      0.014669926650366748,
      0.017114914425427872,
      0.017114914425427872,
      0.019559902200488997,
      0.019559902200488997,
      0.023227383863080684,
      0.023227383863080684,
      0.02444987775061125,
      0.02444987775061125,
      0.030562347188264057,
      0.030562347188264057,
      0.037897310513447434,
      0.037897310513447434,
      0.044009779951100246,
      0.044009779951100246,
      0.0550122249388753,
      0.0550122249388753,
      0.05867970660146699,
      0.05867970660146699,
      0.07823960880195599,
      0.07823960880195599,
      0.08679706601466992,
      0.08679706601466992,
      0.11246943765281174,
      0.11246943765281174,
      0.27383863080684595,
      0.27383863080684595,
      0.6711491442542787,
      0.6711491442542787,
      1.0
    ],
    "tpr": [
      0.0,
      0.0012224938875305623,
      0.7273838630806846,
      0.7273838630806846,
      0.8374083129584352,
      0.8374083129584352,
      0.8508557457212714,
      0.8508557457212714,
      0.8594132029339854,
      0.8594132029339854,
      0.8850855745721271,
      0.8850855745721271,
      0.9144254278728606,
      0.9144254278728606,
      0.9315403422982885,
      0.9315403422982885,
      0.9327628361858191,
      0.9327628361858191,
      0.9547677261613692,
      0.9547677261613692,
      0.9621026894865525,
      0.9621026894865525,
      0.9645476772616137,
      0.9645476772616137,
      0.9682151589242054,
      0.9682151589242054,
      0.9743276283618582,
      0.9743276283618582,
      0.9767726161369193,
      0.9767726161369193,
      0.9792176039119804,
      0.9792176039119804,
      0.9865525672371638,
      0.9865525672371638,
      0.9877750611246944,
      0.9877750611246944,
      0.988997555012225,
      0.988997555012225,
      0.9902200488997555,
      0.9902200488997555,
      0.991442542787286,
      0.991442542787286,
      0.9926650366748166,
      0.9926650366748166,
      0.9938875305623472,
      0.9938875305623472,
      0.9951100244498777,
      0.9951100244498777,
      0.9963325183374083,
      0.9963325183374083,
      0.9975550122249389,
      0.9975550122249389,
      0.9987775061124694,
      0.9987775061124694,
      1.0,
      1.0
    ]
  },
  "Decision Tree": {
    "best_params": {
      "max_depth": 15,
      "min_samples_split": 10
    },
    "accuracy": 0.9150366748166259,
    "precision": 0.9145299145299145,
    "recall": 0.9156479217603912,
    "f1": 0.9150885766646304,
    "roc_auc": 0.92254350464189,
    "confusion_matrix": [
      [
        748,
        70
      ],
      [
        69,
        749
      ]
    ],
    "fpr": [
      0.0,
      0.02078239608801956,
      0.05623471882640587,
      0.05745721271393643,
      0.05745721271393643,
      0.0647921760391198,
      0.06601466992665037,
      0.06601466992665037,
      0.0745721271393643,
      0.07701711491442542,
      0.08068459657701711,
      0.08557457212713937,
      0.08557457212713937,
      0.08924205378973105,
      0.09290953545232274,
      0.09535452322738386,
      0.2921760391198044,
      0.78239608801956,
      1.0
    ],
    "tpr": [
      0.0,
      0.2139364303178484,
      0.8887530562347188,
      0.8899755501222494,
      0.89119804400978,
      0.9083129584352079,
      0.9083129584352079,
      0.910757946210269,
      0.9119804400977995,
      0.9119804400977995,
      0.9156479217603912,
      0.9156479217603912,
      0.9168704156479217,
      0.9180929095354523,
      0.9229828850855746,
      0.9266503667481663,
      0.9449877750611247,
      0.9621026894865525,
      1.0
    ]
  },
  "AdaBoost": {
    "best_params": {
      "learning_rate": 1.0,
      "n_estimators": 100
    },
    "accuracy": 0.9480440097799511,
    "precision": 0.9442424242424242,
    "recall": 0.9523227383863081,
    "f1": 0.9482653682288497,
    "roc_auc": 0.9895520112863984,
    "confusion_matrix": [
      [
        772,
        46
      ],
      [
        39,
        779
      ]
    ],